Symbol,Name,Last Sale,Net Change,% Change,Market Cap,Country,IPO Year,Volume,Sector,Industry
AAMC,Altisource Asset Management Corp Com,$22.05,0.10,0.456%,36387175.00,United States,,3551,Finance,Real Estate
AAU,Almaden Minerals Ltd. Common Shares,$0.745,-0.0393,-5.011%,89808715.00,Canada,2015,4986435,Basic Industries,Precious Metals
ACU,Acme United Corporation. Common Stock,$33.32,0.40,1.215%,111252581.00,United States,1988,12796,Capital Goods,Industrial Machinery/Components
ACY,AeroCentury Corp. Common Stock,$10.25,0.37,3.745%,15845311.00,United States,,79475,Technology,Diversified Commercial Services
AE,Adams Resources & Energy Inc. Common Stock,$24.87,0.01,0.04%,105505603.00,United States,,5167,Energy,Oil Refining/Marketing
AEF,Aberdeen Emerging Markets Equity Income Fund Inc. Common Stock,$8.67,0.07,0.814%,440017915.00,United States,,35293,,
AGE,AgeX Therapeutics Inc. Common Stock,$2.06,0.23,12.568%,77643557.00,,2018,1243530,Health Care,Major Pharmaceuticals
AIM,AIM ImmunoTech Inc. Common Stock,$2.08,0.00,0.00%,82555225.00,United States,,1514711,Health Care,Biotechnology: Biological Products (No Diagnostic Substances)
AINC,Ashford Inc. (Holding Company) Common Stock,$7.53,0.03,0.40%,19231033.00,United States,2014,25535,Consumer Services,Professional Services
AIRI,Air Industries Group Common Stock,$1.54,-0.01,-0.645%,48863823.00,United States,,1339425,Capital Goods,Military/Government/Technical
AMBO,Ambow Education Holding Ltd. American Depository Shares each representing two Class A ordinary shares,$2.69,0.15,5.906%,62449254.00,China,,257469,Consumer Services,Other Consumer Services
AMPE,Ampio Pharmaceuticals Inc.,$1.74,0.04,2.353%,321995700.00,United States,,2344750,Health Care,Major Pharmaceuticals
AMS,American Shared Hospital Services Common Stock,$2.52,0.03,1.205%,14517720.00,United States,,60374,Health Care,Medical Specialities
ANVS,Annovis Bio Inc. Common Stock,$18.17,1.57,9.458%,125220517.00,United States,2020,655215,Health Care,Major Pharmaceuticals
AP.WS,Ampco-Pittsburgh Corporation Series A Warrants to purchase Shares of common stock,NA,,,,United States,,0,,
APT,Alpha Pro Tech Ltd. Common Stock,$16.96,2.45,16.885%,230280251.00,Canada,,2505335,Health Care,Industrial Specialties
ARMP,Armata Pharmaceuticals Inc. Common Stock,$5.85,0.55,10.377%,109406016.00,United States,,43521,Health Care,Biotechnology: Biological Products (No Diagnostic Substances)
ASM,Avino Silver & Gold Mines Ltd. Common Shares (Canada),$1.44,0.04,2.857%,128978902.00,Canada,,5054853,Basic Industries,Precious Metals
ATNM,Actinium Pharmaceuticals Inc. (Delaware) Common Stock,$9.17,0.78,9.297%,124588434.00,United States,,840549,Health Care,Major Pharmaceuticals
AUMN,Golden Minerals Company Common Stock,$0.8707,-0.0278,-3.094%,131922066.00,United States,,2779040,Basic Industries,Precious Metals
AWX,Avalon Holdings Corporation Common Stock,$3.39,0.10,3.04%,13137711.00,United States,,50455,Public Utilities,Environmental Services
AXU,Alexco Resource Corp Common Shares (Canada),$2.98,0.11,3.833%,416496547.00,Canada,,1133496,Basic Industries,Precious Metals
BATL,Battalion Oil Corporation Common Stock,$8.01,0.04,0.502%,129793776.00,,,14202,Energy,Oil & Gas Production
BCV,Bancroft Fund Ltd.,$33.10,-0.02,-0.06%,176257202.00,United States,,35488,,
BCV.PRA,Bancroft Fund Limited,NA,,,,,,0,,
BDL,Flanigan's Enterprises Inc. Common Stock,$24.25,1.5984,7.056%,45072190.00,United States,,457,Consumer Services,Restaurants
BDR,Blonder Tongue Laboratories Inc. Common Stock,$1.58,0.09,6.04%,18287574.00,United States,,1448498,Technology,Radio And Television Broadcasting And Communications Equipment
BGI,Birks Group Inc. Common Stock,$1.36,0.04,3.03%,24440398.00,Canada,,460414,Consumer Services,Consumer Specialties
BHB,Bar Harbor Bankshares Inc. Common Stock,$22.52,0.04,0.178%,336191284.00,United States,,26667,Finance,Major Banks
BIOX,Bioceres Crop Solutions Corp. Ordinary Shares,$8.35,0.49,6.234%,336720655.00,,2018,41599,Basic Industries,Agricultural Chemicals
BKTI,BK Technologies Corporation Common Stock,$3.37,0.08,2.432%,42165325.00,United States,,9274,Technology,Radio And Television Broadcasting And Communications Equipment
BMTX,BM Technologies Inc. Common Stock,$13.50,-0.51,-3.64%,164704077.00,,2018,106634,Finance,Major Banks
BMTX.WS,BM Technologies Inc. Warrants,NA,,,,,,0,,
BRBS,Blue Ridge Bankshares Inc. Common Stock,$19.05,0.00,0.00%,108939730.00,,,35555,Finance,Major Banks
BRG,Bluerock Residential Growth REIT Inc. Class A Common Stock,$10.85,-0.05,-0.459%,258747361.00,,2014,219953,Consumer Services,Real Estate Investment Trusts
BRG.PRA,Bluerock Residential Growth REIT Inc.,NA,,,,,,0,,
BRG.PRC,Bluerock Residential Growth REIT Inc.,NA,,,,,,0,,
BRG.PRD,Bluerock Residential Growth REIT Inc.,NA,,,,,,0,,
BRMK.WS,Broadmark Realty Capital Inc. Warrants each exercisable for one fourth (1/4th) share of Common Stock at an exercise price of $2.875 per quarter share,NA,,,,United States,,0,,
BRN,Barnwell Industries Inc. Common Stock,$2.86,0.03,1.06%,23672678.00,United States,,244069,Energy,Oil & Gas Production
BTG,B2Gold Corp Common shares (Canada),$5.09,0.13,2.621%,5347514186.00,Canada,,6594829,Basic Industries,Precious Metals
BTN,Ballantyne Strong Inc. Common Stock,$2.94,0.41,16.206%,43483700.00,United States,,5148021,Miscellaneous,Industrial Machinery/Components
BWL/A,Bowl America Inc.,$10.00,-0.32,-3.101%,,United States,,2718,,
CANF,Can-Fite Biopharma Ltd Sponsored ADR (Israel),$2.10,-0.10,-4.545%,32369362.00,Israel,,3805801,Health Care,Major Pharmaceuticals
CCF,Chase Corporation Common Stock,$104.49,-2.42,-2.264%,987053396.00,United States,,22485,Consumer Durables,Building Products
CDOR,Condor Hospitality Trust Inc. Common Stock,$5.36,0.46,9.388%,64401016.00,United States,,108615,Consumer Services,Real Estate Investment Trusts
CEI,Camber Energy Inc. Common Stock,$1.45,0.04,2.837%,36250000.00,United States,,5242482,Energy,Oil & Gas Production
CET,Central Securities Corporation Common Stock,$34.05,0.12,0.354%,878051096.00,United States,,9190,,
CEV,Eaton Vance California Municipal Income Trust Shares of Beneficial Interest,$13.70,0.07,0.514%,97729978.00,United States,1999,9569,,
CHAQ,Chardan Healthcare Acquisition 2 Corp. Common Stock,$10.50,0.12,1.156%,113172203.00,,2020,5452,Finance,Business Services
CHAQ.U,Chardan Healthcare Acquisition 2 Corp. Units each consisting of one share of Common Stock and one Warrant entitling the holder to purchase one-half of a share of Common Stock,NA,,,,,2020,0,,
CHAQ.WS,Chardan Healthcare Acquisition 2 Corp. Warrants entitling the holder thereof to purchase one-half (1/2) of a share of common stock at a price of $11.50 per whole share,NA,,,,,,0,,
CHFW,Consonance-HFW Acquisition Corp. Class A Ordinary Shares,$10.35,-0.05,-0.481%,123516900.00,,2021,11236,,
CHFW.U,Consonance-HFW Acquisition Corp. Units each consisting of one Class A Ordinary Share and one-third of one Warrant to acquire one Class A Ordinary Share,NA,,,,,2020,0,,
CHFW.WS,Consonance-HFW Acquisition Corp. Warrants each whole warrant exercisable for one Class A Ordinary Share at an exercise price of $11.50,NA,,,,,,0,,
CIK,Credit Suisse Asset Management Income Fund Inc. Common Stock,$3.25,0.02,0.619%,169991019.00,United States,,917916,,
CIX,CompX International Inc. Common Stock,$14.02,-0.30,-2.095%,174565221.00,United States,1998,4929,Capital Goods,Industrial Machinery/Components
CKX,CKX Lands Inc. Common Stock,$10.47,0.1062,1.025%,20337923.00,United States,,611,Energy,Oil & Gas Production
CLM,Cornerstone Strategic Value Fund Inc. New Common Stock,$13.47,0.23,1.737%,1025350180.00,United States,1987,1222725,,
CMCL,Caledonia Mining Corporation Plc Common Shares,$15.37,0.93,6.44%,186266310.00,Canada,,86665,Basic Industries,Precious Metals
CMT,Core Molding Technologies Inc Common Stock,$12.80,0.01,0.078%,102039974.00,United States,,19912,Consumer Non-Durables,Plastic Products
COHN,Cohen & Company Inc.,$18.9376,0.3976,2.145%,25268762.00,United States,,7624,Finance,Investment Bankers/Brokers/Service
CPHI,China Pharma Holdings Inc. Common Stock,$0.73,-0.0053,-0.721%,33273077.00,China,,1028879,Health Care,Major Pharmaceuticals
CQP,Cheniere Energy Partners LP Cheniere Energy Partners LP Common Units,$39.41,0.48,1.233%,19075213342.00,United States,2007,123425,Public Utilities,Oil/Gas Transmission
CRF,Cornerstone Total Return Fund Inc. (The) Common Stock,$13.18,0.17,1.307%,530314961.00,United States,,645299,,
CRHM,CRH Medical Corporation Common Shares of Beneficial Interest,$2.175,0.035,1.636%,155323458.00,,2015,46143,Health Care,Medical/Nursing Services
CTEK,CynergisTek Inc. Common Stock,$2.19,0.12,5.797%,23327987.00,United States,2017,213853,Miscellaneous,Business Services
CVM,Cel-Sci Corporation Common Stock,$20.54,-2.18,-9.595%,816822417.00,United States,,1649883,Health Care,Biotechnology: Biological Products (No Diagnostic Substances)
CVR,Chicago Rivet & Machine Co. Common Stock,$25.70,-0.71,-2.688%,24829592.00,United States,,4286,Technology,Industrial Machinery/Components
CVU,CPI Aerostructures Inc. Common Stock,$4.12,0.24,6.186%,49239237.00,United States,,35768,Capital Goods,Military/Government/Technical
DHY,Credit Suisse High Yield Bond Fund Common Stock,$2.30,0.01,0.437%,238067025.00,United States,1998,2857144,,
DIT,AMCON Distributing Company Common Stock,$114.90,-1.39,-1.195%,63352298.00,United States,,392,Consumer Non-Durables,Food Distributors
DLA,Delta Apparel Inc. Common Stock,$22.21,-0.73,-3.182%,154907199.00,United States,,10612,Consumer Non-Durables,Apparel
DMF,BNY Mellon Municipal Income Inc. Common Stock,$8.88,0.00,0.00%,184267086.00,United States,1988,30152,,
DNN,Denison Mines Corp Ordinary Shares (Canada),$0.735,0.0005,0.068%,498881116.00,Canada,,3810725,Basic Industries,Precious Metals
DPW,Ault Global Holdings Inc. Common Stock,$4.66,-0.01,-0.214%,129331599.00,United States,,4571989,Capital Goods,Industrial Machinery/Components
DSS,Document Security Systems Inc. Common Stock,$4.38,0.25,6.053%,59142606.00,United States,,2836888,Consumer Durables,Containers/Packaging
DXF,Dunxin Financial Holdings Limited American Depositary Shares,$1.44,0.12,9.091%,30059811.00,China,,626719,Finance,Finance: Consumer Services
DXR,Daxor Corporation Common Stock,$12.86,0.08,0.626%,51616311.00,United States,,4492,Health Care,Medical/Dental Instruments
EAD,Wells Fargo Income Opportunities Fund Common Shares,$8.20,0.06,0.737%,496806955.00,United States,2003,98391,,
ECF,Ellsworth Growth and Income Fund Ltd.,$15.23,-0.90,-5.58%,201113018.00,United States,1986,177007,,
ECF.PRA,Ellsworth Growth and Income Fund Ltd.,NA,,,,,,0,,
EIM,Eaton Vance Municipal Bond Fund Common Shares of Beneficial Interest $.01 par value,$13.45,0.02,0.149%,967770325.00,United States,2002,100956,,
ELA,Envela Corporation Common Stock,$6.03,0.02,0.333%,162354017.00,United States,,46779,Consumer Services,Consumer Specialties
ELLO,Ellomay Capital Ltd Ordinary Shares (Israel),$33.50,0.28,0.843%,423845149.00,Israel,,1053,Public Utilities,Electric Utilities: Central
ELMD,Electromed Inc. Common Stock,$10.25,0.06,0.589%,88213345.00,United States,2011,41635,Health Care,Biotechnology: Electromedical & Electrotherapeutic Apparatus
EMAN,eMagin Corporation Common Stock,$2.72,0.11,4.215%,183598917.00,United States,,1470186,Technology,Semiconductors
EMX,EMX Royalty Corporation Common Shares (Canada),$3.59,0.22,6.528%,302771481.00,Canada,,386831,Basic Industries,Precious Metals
ENSV,Enservco Corporation Common Stock,$2.18,0.04,1.869%,11210665.00,United States,,1933959,Energy,Oilfield Services/Equipment
ENX,Eaton Vance New York Municipal Bond Fund Common Shares of Beneficial Interest $.01 par value,$12.23,-0.07,-0.569%,221586736.00,United States,2002,13480,,
EPM,Evolution Petroleum Corporation Inc. Common Stock,$3.58,0.18,5.294%,117974736.00,United States,,252075,Energy,Oil & Gas Production
EQX,Equinox Gold Corp. Common Shares,$9.58,0.01,0.104%,2317116267.00,Canada,,654349,Basic Industries,Precious Metals
ERC,Wells Fargo Multi-Sector Income Fund Common Stock no par value,$12.35,0.025,0.203%,347431287.00,United States,2003,59942,,
ERH,Wells Fargo Utilities and High Income Fund,$12.88,0.07,0.546%,119462837.00,,2004,22580,,
ESP,Espey Mfg. & Electronics Corp. Common Stock,$19.21,-0.11,-0.569%,51917580.00,United States,,1311,Capital Goods,Industrial Machinery/Components
EVBN,Evans Bancorp Inc. Common Stock,$29.94,-0.77,-2.507%,161201122.00,United States,,11903,Finance,Major Banks
EVI,EVI Industries Inc.  Common Stock,$35.32,-2.67,-7.028%,466535911.00,United States,,62421,Consumer Services,Other Consumer Services
EVM,Eaton Vance California Municipal Bond Fund Common Shares of Beneficial Interest $.01 par value,$11.53,-0.10,-0.86%,288184729.00,United States,2002,76324,,
EVV,Eaton Vance Limited Duration Income Fund Common Shares of Beneficial Interest,$12.61,0.05,0.398%,1464613897.00,United States,2003,337584,,
EVY,Eaton Vance New York Municipal Income Trust Shares of Beneficial Interest,$13.95,0.025,0.18%,75355501.00,United States,1999,2029,,
EXN,Excellon Resources Inc. Common Shares,$3.04,0.02,0.662%,97489760.00,,2020,74835,Basic Industries,Precious Metals
FAX,Aberdeen Asia-Pacific Income Fund Inc Common Stock,$4.47,-0.04,-0.887%,1107200087.00,United States,1986,751689,,
FCO,Aberdeen Global Income Fund Inc. Common Stock,$7.98,-0.02,-0.25%,69672949.00,United States,1992,35206,,
FEN,First Trust Energy Income and Growth Fund,$11.95,0.23,1.962%,239248978.00,United States,2004,100974,,
FRD,Friedman Industries Inc. Common Stock,$7.4007,0.1807,2.503%,52130042.00,United States,,15202,Capital Goods,Steel/Iron Ore
FSI,Flexible Solutions International Inc. Common Stock (CDA),$3.665,0.155,4.416%,44861597.00,Canada,,133273,Basic Industries,Major Chemicals
FSP,Franklin Street Properties Corp. Common Stock,$4.10,-0.04,-0.966%,440045616.00,United States,,456874,Consumer Services,Real Estate Investment Trusts
FTF,Franklin Limited Duration Income Trust Common Shares of Beneficial Interest,$9.43,0.01,0.106%,284209214.00,United States,2003,72420,,
FTSI,FTS International Inc. Class A Common Stock,$18.41,0.12,0.656%,257738638.00,United States,2020,99557,Energy,Oilfield Services/Equipment
FURY,Fury Gold Mines Limited Common Shares,$1.66,0.06,3.75%,195587603.00,,2020,683625,Basic Industries,Precious Metals
GAU,Galiano Gold Inc.,$1.20,0.01,0.84%,269074226.00,Canada,,778846,Basic Industries,Mining & Quarrying of Nonmetallic Minerals (No Fuels)
GBR,New Concept Energy Inc Common Stock,$7.40,0.86,13.15%,37976319.00,United States,,4353481,Energy,Oil & Gas Production
GDP,Goodrich Petroleum Corporation Common Stock,$10.00,0.07,0.705%,126557850.00,United States,2017,29692,Energy,Oil & Gas Production
GGN,GAMCO Global Gold Natural Resources & Income Trust,$3.49,-0.03,-0.852%,575541069.00,United States,2005,768953,,
GGN.PRB,GAMCO Global Gold Natural Reources & Income Trust ,NA,,,,,,0,,
GGO,The Gabelli Go Anywhere Trust Common Shares of Beneficial Interest,$13.0001,0.00,0.00%,20146606.00,,2016,18,,
GGO.PRA,The Gabelli Go Anywhere Trust,NA,,,,,,0,,
GLDG,GoldMining Inc. Common Shares,$1.83,0.06,3.39%,270161425.00,,,614073,Basic Industries,Precious Metals
GLO,Clough Global Opportunities Fund Common Stock,$12.31,0.21,1.736%,396682512.00,United States,2006,126540,,
GLQ,Clough Global Equity Fund Clough Global Equity Fund Common Shares of Beneficial Interest,$15.07,0.12,0.803%,199388593.00,United States,2005,75973,,
GLU,Gabelli Global Utility Common Shares of Beneficial Ownership,$19.02,0.12,0.635%,102205454.00,United States,2004,43448,,
GLU.PRA,The Gabelli Global Utility and Income Trust,NA,,,,,,0,,
GLU.PRB,The Gabelli Global Utility and Income Trust,NA,,,,,,0,,
GLV,Clough Global Dividend and Income Fund Common Shares of beneficial interest,$10.99,0.12,1.104%,92400887.00,United States,2004,113781,,
GOED,1847 Goedeker Inc. Commom Stock,$12.04,0.32,2.73%,73578848.00,United States,2020,30377,Consumer Services,Home Furnishings
GORO,Gold Resource Corporation Common Stock,$2.97,0.10,3.484%,213441117.00,United States,,1331237,Basic Industries,Precious Metals
GPL,Great Panther Mining Limited Ordinary Shares (Canada),$0.8405,0.0004,0.048%,298148731.00,Canada,,2706897,Basic Industries,Precious Metals
GRF,Eagle Capital Growth Fund Inc. Common Stock,$7.82,-0.07,-0.887%,31861190.00,United States,,1333,,
GSAT,Globalstar Inc. Common Stock,$1.08,0.04,3.846%,1804037697.00,United States,2006,27875245,Consumer Services,Telecommunications Equipment
GSS,Golden Star Resources Ltd Common Stock,$3.78,0.03,0.80%,420565979.00,United States,,291621,Basic Industries,Precious Metals
GSV,Gold Standard Ventures Corporation Common Stock (Canada),$0.6836,0.0136,2.03%,215445837.00,Canada,,1760850,Basic Industries,Mining & Quarrying of Nonmetallic Minerals (No Fuels)
GTE,Gran Tierra Energy Inc. Common Stock,$0.6481,0.0141,2.224%,237840746.00,Canada,,22444890,Energy,Oil & Gas Production
HLM.PR,Hillman Group Capital Trust,NA,,,,,,0,,
HMG,HMG/Courtland Properties Inc. Common Stock,$12.25,0.00,0.00%,12338788.00,United States,,78,Consumer Services,Real Estate Investment Trusts
HNW,Pioneer Diversified High Income Trust Pioneer Diversified High Income Trust Common Shares of Beneficial Interest,$14.68,-0.07,-0.475%,122325357.00,United States,2007,25081,,
HUSA,Houston American Energy Corporation Common Stock,$2.24,0.03,1.357%,15630088.00,United States,,1374216,Energy,Oil & Gas Production
HWM.PR,Howmet Aerospace Inc.,NA,,,,,,0,,
IAF,Aberdeen Australia Equity Fund Inc Common Stock,$5.42,0.05,0.931%,125345635.00,United States,,66010,,
IBIO,iBio Inc. Common Stock,$2.17,0.43,24.713%,468741550.00,United States,,57365731,Health Care,Major Pharmaceuticals
ID,PARTS iD Inc. Class A Common Stock,$7.56,0.02,0.265%,248523342.00,United States,2017,24653,Technology,Advertising
IGC,India Globalization Capital Inc. Common Stock,$1.98,0.08,4.211%,84713043.00,United States,,25118878,Technology,Electronic Components
IHT,InnSuites Hospitality Trust Shares of Beneficial Interest,$3.03,-0.05,-1.623%,28100902.00,United States,,24161,Consumer Services,Real Estate Investment Trusts
IMH,Impac Mortgage Holdings Inc. Common Stock ,$3.59,-0.09,-2.446%,76215187.00,United States,1997,53186,Consumer Services,Real Estate Investment Trusts
IMO,Imperial Oil Limited Common Stock,$19.85,0.93,4.915%,14571423587.00,Canada,,439853,Energy,Integrated oil Companies
INDO,Indonesia Energy Corporation Limited Ordinary Shares,$6.4014,-0.0386,-0.599%,47421283.00,,2019,162814,Energy,Oil & Gas Production
INFU,InfuSystems Holdings Inc. Common Stock,$18.24,0.00,0.00%,369121640.00,United States,,113984,Health Care,Medical/Dental Instruments
INS,Intelligent Systems Corporation Common Stock,$42.59,0.48,1.14%,380301783.00,United States,1992,50779,Technology,Computer Software: Prepackaged Software
INTT,inTest Corporation Common Stock,$7.6046,0.1746,2.35%,80069769.00,United States,1997,20124,Capital Goods,Electrical Products
INUV,Inuvo Inc.,$1.39,0.08,6.107%,162843697.00,United States,,5162436,Consumer Services,Advertising
IOR,Income Opportunity Realty Investors Inc. Common Stock,$11.4171,0.00,0.00%,47588916.00,United States,,170,Consumer Services,Real Estate Investment Trusts
ISDR,Issuer Direct Corporation Common Stock,$21.00,0.19,0.913%,78576792.00,United States,,7496,Miscellaneous,Publishing
ISR,IsoRay Inc. Common Stock (DE),$1.89,-0.05,-2.577%,164857280.00,United States,,8068616,Health Care,Medical/Dental Instruments
ITP,IT Tech Packaging Inc. Common Stock,$0.842,-0.004,-0.473%,46072248.00,China,,5753741,Consumer Durables,Containers/Packaging
ITRG,Integra Resources Corp. Common Shares,$3.50,0.00,0.00%,191128620.00,,,27495,Basic Industries,Precious Metals
JOB,GEE Group Inc. Common Stock,$1.32,0.04,3.125%,23320602.00,United States,,584500,Technology,Diversified Commercial Services
KIQ,Kelso Technologies Inc Ordinary Shares,$0.854,0.044,5.432%,40283253.00,Canada,,4119428,Capital Goods,Railroads
KLR,Kaleyra Inc. Common Stock,$14.27,0.50,3.631%,418476041.00,United States,2018,275308,Technology,EDP Services
KLR.WS,Kaleyra Inc. Warrants,NA,,,,United States,,0,,
LCTX,Lineage Cell Therapeutics Inc. Common Stock,$2.48,0.11,4.641%,371953741.00,United States,,1455073,Health Care,Biotechnology: Biological Products (No Diagnostic Substances)
LEU,Centrus Energy Corp. Class A Common Stock,$24.63,3.01,13.922%,296542466.00,United States,2014,224687,Basic Industries,Mining & Quarrying of Nonmetallic Minerals (No Fuels)
LGL,LGL Group Inc. (The) Common Stock,$10.03,-0.13,-1.28%,52751240.00,United States,,8621,Capital Goods,Industrial Machinery/Components
LGL.WS,LGL Group Inc. (The) Warrants,NA,,,,United States,,0,,
LNG,Cheniere Energy Inc. Common Stock,$65.45,0.97,1.504%,16511334282.00,United States,,849927,Public Utilities,Oil/Gas Transmission
LODE,Comstock Mining Inc. Common Stock,$1.87,-0.03,-1.579%,65414032.00,United States,,3722432,Basic Industries,Precious Metals
LOV,Spark Networks Inc. American Depositary Shares (each representing one-tenth of an Ordinary Share),$6.30,0.51,8.808%,164158344.00,United States,2017,225947,Consumer Services,Other Consumer Services
LSF,Laird Superfood Inc. Common Stock,$44.99,1.49,3.425%,399281301.00,,2020,28884,Consumer Non-Durables,Packaged Foods
LXFR,Luxfer Holdings PLC Ordinary Shares,$16.61,-0.45,-2.638%,458803064.00,United Kingdom,2012,215492,Basic Industries,Major Chemicals
MAG,MAG Silver Corporation Ordinary Shares,$18.84,-0.32,-1.67%,1784963433.00,Canada,,536300,Basic Industries,Precious Metals
MCF,Contango Oil & Gas Company Common Stock (TX),$2.83,0.19,7.197%,491535976.00,United States,,710892,Energy,Oil & Gas Production
MHH,Mastech Digital Inc Common Stock,$17.29,-0.19,-1.087%,196755860.00,United States,,11193,Consumer Services,Professional Services
MLSS,Milestone Scientific Inc. Common Stock,$3.09,0.11,3.691%,196812819.00,United States,2015,622633,Health Care,Industrial Specialties
MMX,Maverix Metals Inc. Common Shares,$5.20,0.09,1.761%,730539207.00,,,123457,Basic Industries,Precious Metals
MSN,Emerson Radio Corporation Common Stock,$1.60,0.06,3.896%,33668243.00,United States,,340618,Consumer Non-Durables,Consumer Electronics/Appliances
MTA,Metalla Royalty & Streaming Ltd. Common Shares,$10.27,0.04,0.391%,406857511.00,,,214493,Basic Industries,Precious Metals
MTNB,Matinas Biopharma Holdings Inc. Common Stock,$1.21,0.20,19.802%,241566527.00,United States,2017,13833216,Health Care,Major Pharmaceuticals
MXC,Mexco Energy Corporation Common Stock,$8.47,-0.07,-0.82%,17379305.00,United States,,57785,Energy,Oil & Gas Production
MYO,Myomo Inc. Common Stock,$11.65,0.30,2.643%,53377830.00,United States,2017,107602,Health Care,Industrial Specialties
NAK,Northern Dynasty Minerals Ltd. Common Stock,$0.6171,-0.0029,-0.468%,314132676.00,Canada,,34307734,Basic Industries,Precious Metals
NAVB,Navidea Biopharmaceuticals Inc. Common Stock,$2.46,0.10,4.237%,65650507.00,United States,,251357,Health Care,Biotechnology: In Vitro & In Vivo Diagnostic Substances
NBA,New Beginnings Acquisition Corp. Common Stock,$10.58,0.28,2.718%,157853600.00,,2020,213359,Finance,Business Services
NBA.U,New Beginnings Acquisition Corp. Units each consisting of one share of common stock and one redeemable warrant,NA,,,,,2020,0,,
NBA.WS,New Beginnings Acquisition Corp. Redeemable Warrants each warrant exercisable for one share of Common Stock at an exercise price of $11.50,NA,,,,,,0,,
NBH,Neuberger Berman Municipal Fund Inc. Common Stock,$15.22,-0.02,-0.131%,286411421.00,United States,2002,38181,,
NBO,Neuberger Berman New York Municipal Fund Inc. Common Stock,$12.46,0.06,0.484%,63264616.00,United States,2002,1722,,
NBW,Neuberger Berman California Municipal Fund Inc Common Stock,$13.54,0.00,0.00%,75161136.00,United States,2002,6302,,
NBY,NovaBay Pharmaceuticals Inc. Common Stock,$0.9488,0.0424,4.678%,39643316.00,United States,2007,2427841,Health Care,Major Pharmaceuticals
NEN,New England Realty Associates Limited Partnership Class A Depositary Receipts Evidencing Units of Limited Partnership,$50.99,0.00,0.00%,186250969.00,United States,,22,Consumer Services,Building operators
NES,Nuverra Environmental Solutions Inc. Common Stock,$3.00,0.24,8.696%,47317260.00,United States,2017,113639,Energy,Oilfield Services/Equipment
NG,Novagold Resources Inc.,$9.20,-0.23,-2.439%,3048149704.00,Canada,,812299,Basic Industries,Precious Metals
NGD,New Gold Inc.,$1.86,-0.03,-1.587%,1258104000.00,Canada,,8054083,Basic Industries,Precious Metals
NHC,National HealthCare Corporation Common Stock,$64.48,-0.54,-0.831%,990379786.00,United States,,20354,Health Care,Hospital/Nursing Management
NHS,Neuberger Berman High Yield Strategies Fund,$12.00,0.03,0.251%,234487020.00,United States,,50012,,
NML,Neuberger Berman MLP and Energy Income Fund Inc. Common Stock,$3.85,0.09,2.394%,218136873.00,,2013,249643,,
NNVC,NanoViricides Inc. Common Stock,$4.29,0.04,0.941%,45752850.00,United States,,150367,Health Care,Major Pharmaceuticals
NOG,Northern Oil and Gas Inc. Common Stock,$11.25,0.30,2.74%,515827418.00,United States,,844912,,
NRO,Neuberger Berman Real Estate Securities Income Fund Inc. Neuberger Berman Real Estate Securities Income Fund Inc.,$4.24,-0.01,-0.235%,201062500.00,United States,2003,258182,,
NSPR,InspireMD Inc. Common Stock,$0.72,0.0492,7.335%,26607424.00,Israel,,27864907,Health Care,Medical/Dental Instruments
NSPR.WS,InspireMD Inc. Warrants,NA,,,,Israel,,0,,
NSPR.WS.B,InspireMD Inc. Series B Warrants (Expiring March 14 2022),NA,,,,Israel,,0,,
NTIP,Network-1 Technologies Inc. Common Stock,$3.48,0.0395,1.148%,83635104.00,United States,,5594,Miscellaneous,Multi-Sector Companies
NTN,NTN Buzztime Inc. Common Stock,$5.21,-1.17,-18.339%,15454538.00,United States,,2029091,Health Care,Major Pharmaceuticals
NXE,Nexgen Energy Ltd. Common Shares,$3.25,0.07,2.201%,1227557724.00,,,1058028,Basic Industries,Precious Metals
OBLG,Oblong Inc. Common Stock,$4.71,0.46,10.824%,36496043.00,United States,,190644,Technology,Computer Software: Programming Data Processing
OCX,OncoCyte Corporation Common Stock,$5.35,-0.15,-2.727%,420840684.00,United States,2015,674017,Health Care,Biotechnology: In Vitro & In Vivo Diagnostic Substances
OGEN,Oragenics Inc. Common Stock,$1.01,0.0341,3.494%,92684597.00,United States,,8038797,Health Care,Major Pharmaceuticals
ORLA,Orla Mining Ltd. Common Shares,$4.18,0.00,0.00%,957077880.00,,2020,213837,Basic Industries,Precious Metals
PCG.PRA,Pacific Gas & Electric Co.,NA,,,,,,0,,
PCG.PRB,Pacific Gas & Electric Co.,NA,,,,,,0,,
PCG.PRC,Pacific Gas & Electric Co.,NA,,,,,,0,,
PCG.PRD,Pacific Gas & Electric Co.,NA,,,,,,0,,
PCG.PRE,Pacific Gas & Electric Co.,NA,,,,,,0,,
PCG.PRG,Pacific Gas & Electric Co.,NA,,,,,,0,,
PCG.PRH,Pacific Gas & Electric Co.,NA,,,,,,0,,
PCG.PRI,Pacific Gas & Electric Co.,NA,,,,,,0,,
PED,Pedevco Corp. Common Stock,$1.55,-0.20,-11.429%,112318177.00,United States,,5805341,Energy,Oil & Gas Production
PHGE,BiomX Inc. COmmon Stock,$7.11,0.61,9.385%,165286540.00,,2019,68554,Health Care,Biotechnology: Biological Products (No Diagnostic Substances)
PHGE.U,BiomX Inc. Units,NA,,,,,2018,0,,
PHGE.WS,BiomX Inc. Warrants,NA,,,,,,0,,
PLAG,Planet Green Holdings Corp. Common Stock,$2.52,0.00,0.00%,33333968.00,China,,63205,Consumer Non-Durables,Packaged Foods
PLG,Platinum Group Metals Ltd. Ordinary Shares (Canada),$4.22,0.12,2.927%,304725255.00,Canada,,1614654,Basic Industries,Precious Metals
PLM,Polymet Mining Corporation Ordinary Shares (Canada),$4.00,0.18,4.712%,402798864.00,Canada,,618868,Basic Industries,Precious Metals
PLX,Protalix BioTherapeutics Inc. (DE) Common Stock,$4.45,0.04,0.907%,148348355.00,Israel,,170168,Health Care,Biotechnology: Biological Products (No Diagnostic Substances)
PLYM.PRA,Plymouth Industrial REIT Inc.,NA,,,,,,0,,
PRK,Park National Corporation Common Stock,$109.41,-1.48,-1.335%,1928150264.00,United States,,25072,Finance,Major Banks
PTK,PTK Acquisition Corp. Common Stock,$10.30,0.05,0.488%,148062500.00,United States,2020,55018,Finance,Business Services
PTK.U,PTK Acquisition Corp. Units,NA,,,,United States,2020,0,,
PTK.WS,PTK Acquisition Corp. Warrants each whole warrant exercisable for one half (1/2) of a share of Common Stock at an exercise price of $11.50,NA,,,,United States,,0,,
PTN,Palatin Technologies Inc. Common Stock,$0.9394,0.0274,3.004%,215969288.00,United States,,4546469,Health Care,Major Pharmaceuticals
PW,Power REIT (MD) Common Stock,$37.77,-0.23,-0.605%,72372570.00,United States,,45896,Consumer Services,Real Estate Investment Trusts
PW.PRA,Power REIT,NA,,,,,,0,,
PZG,Paramount Gold Nevada Corp. Common Stock,$1.15,0.01,0.877%,39430842.00,United States,2015,407330,Basic Industries,Precious Metals
RCG,RENN Fund Inc Common Stock,$1.9373,-0.0089,-0.457%,11530724.00,United States,,24252,,
REI,Ring Energy Inc. Common Stock,$1.29,0.10,8.403%,105352494.00,United States,,6692860,Energy,Oil & Gas Production
RHE,Regional Health Properties Inc. Common Stock,$6.17,0.31,5.29%,10416311.00,,2017,438081,Consumer Services,Real Estate
RHE.PRA,Regional Health Properties Inc.,NA,,,,,,0,,
RLGT,Radiant Logistics Inc. Common Stock,$6.20,0.08,1.307%,308016415.00,United States,,128155,Transportation,Oil Refining/Marketing
RMED,Ra Medical Systems Inc. Common Stock,$6.66,-0.04,-0.597%,19442418.00,,2018,284711,Health Care,Medical/Dental Instruments
RVP,Retractable Technologies Inc. Common Stock,$17.60,-1.50,-7.853%,595172230.00,United States,,1823077,Health Care,Medical/Dental Instruments
SACC,Sachem Capital Corp. 6.875% Notes due 2024,$25.10,0.0383,0.153%,0.00,United States,2019,835,Consumer Services,Real Estate Investment Trusts
SACH,Sachem Capital Corp. Common Shares,$4.48,-0.01,-0.223%,99119108.00,United States,2017,178976,Consumer Services,Real Estate Investment Trusts
SCCB,Sachem Capital Corp. 7.125% Notes due 2024,$25.7399,0.0997,0.389%,0.00,United States,2019,636,Consumer Services,Real Estate Investment Trusts
SCCC,Sachem Capital Corp. 7.75% Notes due 2025,$25.29,-0.04,-0.158%,0.00,United States,2020,5900,Consumer Services,Real Estate Investment Trusts
SDPI,Superior Drilling Products Inc. Common Stock,$0.9476,0.0696,7.927%,24275130.00,,2014,2954370,Energy,Metal Fabrications
SEB,Seaboard Corporation Common Stock,$3217.92,-12.19,-0.377%,3735293960.00,United States,1996,546,Consumer Services,Farming/Seeds/Milling
SENS,Senseonics Holdings Inc. Common Stock,$2.73,-0.01,-0.365%,921688030.00,United States,,26126489,Capital Goods,Industrial Machinery/Components
SIF,SIFCO Industries Inc. Common Stock,$9.90,0.7794,8.545%,58569618.00,United States,,117609,Capital Goods,Aerospace
SILV,SilverCrest Metals Inc. Common Shares,$9.57,-0.26,-2.645%,1236775419.00,,2018,1984570,Basic Industries,Precious Metals
SIM,Grupo Simec S.A.B. de C.V. American Depositary Shares,$12.27,-0.4799,-3.764%,1894997659.00,Mexico,1993,2227,Basic Industries,Steel/Iron Ore
SMTS,Sierra Metals Inc. Common Stock,$3.41,0.05,1.488%,555148000.00,,,305525,Basic Industries,Precious Metals
SNMP,Sanchez Midstream Partners LP Common Stock,$1.14,0.02,1.786%,22747423.00,United States,,2639511,Energy,Oil & Gas Production
SSY,SunLink Health Systems Inc. Common Stock,$1.74,0.08,4.819%,12004819.00,United States,,717906,Health Care,Hospital/Nursing Management
STXS,Stereotaxis Inc. Common Stock,$4.71,-0.07,-1.464%,347059313.00,United States,,110407,Health Care,Biotechnology: Electromedical & Electrotherapeutic Apparatus
SVM,Silvercorp Metals Inc. Common Shares,$6.50,-0.19,-2.84%,1138809516.00,,,1686581,Basic Industries,Precious Metals
SVT,Servotronics Inc. Common Stock,$8.80,-0.40,-4.348%,21898158.00,United States,,2570,Capital Goods,Industrial Machinery/Components
SYN,Synthetic Biologics Inc. Common Stock,$0.8317,0.0412,5.212%,44637117.00,United States,,6199577,Health Care,Major Pharmaceuticals
TALO.WS,Talos Energy Inc. Warrants,NA,,,,United States,,0,,
TDW.WS,Tidewater Inc. Warrant,NA,,,,United States,,0,,
TGB,Taseko Mines Ltd. Common Stock,$1.30,0.01,0.775%,362965702.00,Canada,,1138505,Basic Industries,Precious Metals
TGC,Tengasco Inc. Common Stock,$2.56,0.26,11.304%,27353708.00,United States,,3821260,Energy,Oil & Gas Production
THM,International Tower Hill Mines Ltd. Ordinary Shares (Canada),$1.38,0.03,2.222%,268973294.00,Canada,,278282,Basic Industries,Precious Metals
TKAT,Takung Art Co. Ltd. Common Stock,$2.32,-0.14,-5.691%,26149599.00,,,144941,Consumer Services,Other Specialty Stores
TMBR,Timber Pharmaceuticals Inc. Common Stock,$1.30,0.10,8.333%,15403740.00,United States,2015,4435137,Health Care,Major Pharmaceuticals
TMP,Tompkins Financial Corporation Common Stock,$70.41,0.17,0.242%,1044852011.00,United States,,34403,Finance,Major Banks
TMQ,Trilogy Metals Inc. Common Stock,$2.06,0.02,0.98%,294588607.00,Canada,,415697,Basic Industries,Precious Metals
TPHS,Trinity Place Holdings Inc. Common Stock,$1.78,0.03,1.714%,57266350.00,,,23881,Consumer Services,Building operators
TRT,Trio-Tech International Common Stock,$4.80,0.0556,1.172%,17810664.00,United States,,11643,Technology,Industrial Machinery/Components
TRX,Tanzanian Gold Corporation Common Stock,$0.7633,0.0033,0.434%,159660422.00,Canada,,4512482,Basic Industries,Precious Metals
TRXC,TransEnterix Inc. Common Stock,$3.35,-0.10,-2.899%,589588731.00,United States,,14213624,Health Care,Medical/Dental Instruments
UAMY,United States Antimony Corporation Common Stock,$0.8137,0.0267,3.393%,61675054.00,United States,,9308573,Capital Goods,Metal Fabrications
UAVS,AgEagle Aerial Systems Inc. Common Stock,$11.40,0.30,2.703%,668454561.00,United States,,5373848,Capital Goods,Aerospace
UEC,Uranium Energy Corp. Common Stock,$1.75,-0.02,-1.13%,348353087.00,Canada,,1926068,Basic Industries,Precious Metals
UFAB,Unique Fabricating Inc. Common Stock,$7.25,0.25,3.571%,70898816.00,United States,2015,13163,Capital Goods,Auto Parts:O.E.M.
URG,Ur Energy Inc Common Shares (Canada),$0.9173,0.0173,1.922%,155636156.00,Canada,,4166721,Basic Industries,Precious Metals
USAS,Americas Gold and Silver Corporation Common Shares no par value,$2.70,-0.04,-1.46%,318857653.00,,2017,789773,Basic Industries,Precious Metals
UTG,Reaves Utility Income Fund Common Shares of Beneficial Interest,$32.85,0.00,0.00%,1771809295.00,United States,2004,177937,,
UUU,Universal Security Instruments Inc. Common Stock,$8.97,0.90,11.152%,20746596.00,United States,,702747,Technology,Electronic Components
UUUU,Energy Fuels Inc Ordinary Shares (Canada),$4.27,0.13,3.14%,573420358.00,,,3480575,Basic Industries,Mining & Quarrying of Nonmetallic Minerals (No Fuels)
UUUU.WS,Energy Fuels Inc Warrants exercisable for one common share until September 20 2021 at an exercise price of $2.45,NA,,,,,,0,,
VCF,Delaware Investments Colorado Municipal Income Fund Inc  Common Stock,$14.22,-0.0499,-0.35%,68783562.00,United States,1993,7422,,
VFL,Delaware Investments National Municipal Income Fund Common Stock,$13.38,-0.04,-0.298%,60590567.00,United States,1993,12260,,
VGZ,Vista Gold Corp Common Stock,$0.99,0.025,2.591%,101657857.00,United States,,344285,Basic Industries,Precious Metals
VHAQ.U,Viveon Health Acquisition Corp. Units each consisting of one share of common stock one Warrant entitling the holder to purchase one-half of a share of common stock and one right to receive one-twentieth of a share of common stock,NA,,,,,2020,0,,
VKI,Invesco Advantage Municipal Income Trust II Common Shares of Beneficial Interest (DE),$11.52,-0.05,-0.432%,511390668.00,United States,,117291,,
VMM,Delaware Investments Minnesota Municipal Income Fund II Inc. Common Stock,$13.30,0.03,0.226%,153016168.00,United States,1993,8773,,
VNRX,VolitionRX Limited Common Stock,$5.41,-0.09,-1.636%,260749487.00,Singapore,2015,618989,Health Care,Biotechnology: In Vitro & In Vivo Diagnostic Substances
VOLT,Volt Information Sciences Inc. Common Stock,$2.87,0.205,7.692%,62383970.00,United States,,115403,Technology,Professional Services
WRN,Western Copper and Gold Corporation Common Stock,$1.19,0.00,0.00%,161361186.00,Canada,2011,324638,Basic Industries,Precious Metals
WTT,Wireless Telecom Group  Inc. Common Stock,$2.10,0.19,9.948%,45559521.00,United States,,1422975,Capital Goods,Telecommunications Equipment
WYY,WidePoint Corporation Common Stock,$13.63,0.26,1.945%,115292544.00,United States,,155467,Technology,EDP Services
XPL,Solitario Zinc Corp. Common Stock,$0.7444,-0.0058,-0.773%,43255868.00,United States,,1291334,Basic Industries,Precious Metals
XTNT,Xtant Medical Holdings Inc. Common Stock,$1.60,-0.03,-1.84%,122977654.00,United States,,204180,Health Care,Biotechnology: Biological Products (No Diagnostic Substances)
XXII,22nd Century Group Inc. Common Stock,$2.73,0.07,2.632%,379085597.00,United States,,2831909,Consumer Non-Durables,Farming/Seeds/Milling
YCBD,cbdMD Inc. Common Stock,$4.43,0.29,7.005%,230939754.00,United States,2017,1949506,Consumer Non-Durables,Package Goods/Cosmetics
YCBD.PRA,cbdMD Inc.,NA,,,,,,0,,
ZDGE,Zedge Inc. Class B Common Stock ,$8.85,0.28,3.267%,110835515.00,,2016,158171,Technology,Computer Software: Prepackaged Software
ZOM,Zomedica Corp. Common Shares,$1.14,0.06,5.556%,945675656.00,United States,2017,78598618,Health Care,Major Pharmaceuticals
