AAMC,Altisource Asset Management Corp Com,$21.99,-0.06,-0.272%,36288162.00,United States,,1796,Finance,Real Estate
AAU,Almaden Minerals Ltd. Common Shares,$0.7187,-0.0263,-3.53%,86638287.00,Canada,2015,4394805,Basic Industries,Precious Metals
ACU,Acme United Corporation. Common Stock,$31.72,-1.60,-4.802%,105910320.00,United States,1988,17595,Capital Goods,Industrial Machinery/Components
ACY,AeroCentury Corp. Common Stock,$9.52,-0.73,-7.122%,14716816.00,United States,,107469,Technology,Diversified Commercial Services
AE,Adams Resources & Energy Inc. Common Stock,$24.88,0.01,0.04%,105548026.00,United States,,3079,Energy,Oil Refining/Marketing
AEF,Aberdeen Emerging Markets Equity Income Fund Inc. Common Stock,$8.62,-0.05,-0.577%,437480326.00,United States,,74877,,
AGE,AgeX Therapeutics Inc. Common Stock,$2.10,0.04,1.942%,79151199.00,,2018,503313,Health Care,Major Pharmaceuticals
AIM,AIM ImmunoTech Inc. Common Stock,$2.75,0.67,32.212%,109147533.00,United States,,52694060,Health Care,Biotechnology: Biological Products (No Diagnostic Substances)
AINC,Ashford Inc. (Holding Company) Common Stock,$7.94,0.41,5.445%,20278141.00,United States,2014,18990,Consumer Services,Professional Services
AIRI,Air Industries Group Common Stock,$1.73,0.19,12.338%,54892476.00,United States,,1787666,Capital Goods,Military/Government/Technical
AMBO,Ambow Education Holding Ltd. American Depository Shares each representing two Class A ordinary shares,$3.65,0.96,35.688%,84735976.00,China,,12414377,Consumer Services,Other Consumer Services
AMPE,Ampio Pharmaceuticals Inc.,$1.95,0.21,12.069%,360857250.00,United States,,5291480,Health Care,Major Pharmaceuticals
AMS,American Shared Hospital Services Common Stock,$2.83,0.31,12.302%,16303630.00,United States,,573508,Health Care,Medical Specialities
ANVS,Annovis Bio Inc. Common Stock,$19.56,1.39,7.65%,134799852.00,United States,2020,3445371,Health Care,Major Pharmaceuticals
APT,Alpha Pro Tech Ltd. Common Stock,$16.47,-0.49,-2.889%,223627107.00,Canada,,835503,Health Care,Industrial Specialties
ARMP,Armata Pharmaceuticals Inc. Common Stock,$5.76,-0.09,-1.538%,107722846.00,United States,,75413,Health Care,Biotechnology: Biological Products (No Diagnostic Substances)
ASM,Avino Silver & Gold Mines Ltd. Common Shares (Canada),$1.41,-0.03,-2.083%,126291842.00,Canada,,6224478,Basic Industries,Precious Metals
ATNM,Actinium Pharmaceuticals Inc. (Delaware) Common Stock,$9.49,0.32,3.49%,128936122.00,United States,,503196,Health Care,Major Pharmaceuticals
AUMN,Golden Minerals Company Common Stock,$0.82,-0.0507,-5.823%,124240375.00,United States,,3768497,Basic Industries,Precious Metals
AWX,Avalon Holdings Corporation Common Stock,$3.51,0.12,3.54%,13602763.00,United States,,54316,Public Utilities,Environmental Services
AXU,Alexco Resource Corp Common Shares (Canada),$2.82,-0.16,-5.369%,394134316.00,Canada,,1597137,Basic Industries,Precious Metals
BATL,Battalion Oil Corporation Common Stock,$7.90,-0.11,-1.373%,128011339.00,,,6844,Energy,Oil & Gas Production
BCV,Bancroft Fund Ltd.,$33.43,0.33,0.997%,178014449.00,United States,,27757,,
BCV^A,Bancroft Fund Limited 5.375% Series A Cumulative Preferred Shares,$25.85,0.00,0.00%,,United States,,16,,
BDL,Flanigan's Enterprises Inc. Common Stock,$24.354,0.104,0.429%,45265489.00,United States,,838,Consumer Services,Restaurants
BDR,Blonder Tongue Laboratories Inc. Common Stock,$1.72,0.14,8.861%,19907992.00,United States,,2896955,Technology,Radio And Television Broadcasting And Communications Equipment
BGI,Birks Group Inc. Common Stock,$1.45,0.09,6.618%,26057777.00,Canada,,506170,Consumer Services,Consumer Specialties
BHB,Bar Harbor Bankshares Inc. Common Stock,$23.69,1.17,5.195%,353657705.00,United States,,25883,Finance,Major Banks
BIOX,Bioceres Crop Solutions Corp. Ordinary Shares,$8.70,0.35,4.192%,350834695.00,,2018,62666,Basic Industries,Agricultural Chemicals
BKTI,BK Technologies Corporation Common Stock,$3.40,0.03,0.89%,42540684.00,United States,,11345,Technology,Radio And Television Broadcasting And Communications Equipment
BMTX,BM Technologies Inc. Common Stock,$14.43,0.93,6.889%,176050358.00,,2018,95552,Finance,Major Banks
BRBS,Blue Ridge Bankshares Inc. Common Stock,$19.23,0.18,0.945%,109969082.00,,,19462,Finance,Major Banks
BRG,Bluerock Residential Growth REIT Inc. Class A Common Stock,$11.24,0.39,3.594%,268047957.00,,2014,345352,Consumer Services,Real Estate Investment Trusts
BRG^A,Bluerock Residential Growth REIT Inc. 8.250% Series A Cumulative Redeemable Preferred Stock ($0.01 par value per share),$25.29,0.02,0.079%,,,,9725,,
BRG^C,Bluerock Residential Growth REIT Inc. 7.625% Series C Cumulative Redeemable Preferred Stock,$25.51,-0.105,-0.41%,,,,1300,,
BRG^D,Bluerock Residential Growth REIT Inc. 7.125% Series D Cumulative Preferred Stock ($0.01 par value per share),$25.85,0.20,0.78%,,,,1551,,
BRN,Barnwell Industries Inc. Common Stock,$2.77,-0.09,-3.147%,22927733.00,United States,,159040,Energy,Oil & Gas Production
BTG,B2Gold Corp Common shares (Canada),$4.98,-0.11,-2.161%,5231949046.00,Canada,,8242623,Basic Industries,Precious Metals
BTN,Ballantyne Strong Inc. Common Stock,$2.39,-0.55,-18.707%,35348994.00,United States,,3209254,Miscellaneous,Industrial Machinery/Components
BWL/A,Bowl America Inc.,$10.20,0.20,2.00%,,United States,,2162,,
CANF,Can-Fite Biopharma Ltd Sponsored ADR (Israel),$2.06,-0.04,-1.905%,31752803.00,Israel,,614975,Health Care,Major Pharmaceuticals
CCF,Chase Corporation Common Stock,$106.15,1.66,1.589%,1002734405.00,United States,,12211,Consumer Durables,Building Products
CDOR,Condor Hospitality Trust Inc. Common Stock,$5.25,-0.11,-2.052%,63079354.00,United States,,18906,Consumer Services,Real Estate Investment Trusts
CEI,Camber Energy Inc. Common Stock,$1.44,-0.01,-0.69%,36000000.00,United States,,2359795,Energy,Oil & Gas Production
CET,Central Securities Corporation Common Stock,$34.45,0.40,1.175%,888365940.00,United States,,17290,,
CEV,Eaton Vance California Municipal Income Trust Shares of Beneficial Interest,$13.65,-0.05,-0.365%,97373299.00,United States,1999,28025,,
CHAQ,Chardan Healthcare Acquisition 2 Corp. Common Stock,$10.55,0.05,0.476%,113711118.00,,2020,1988,Finance,Business Services
CHFW,Consonance-HFW Acquisition Corp. Class A Ordinary Shares,$10.38,0.03,0.29%,123874920.00,,2021,7791,,
CIK,Credit Suisse Asset Management Income Fund Inc. Common Stock,$3.26,0.01,0.308%,170514069.00,United States,,857575,,
CIX,CompX International Inc. Common Stock,$14.05,0.03,0.214%,174938756.00,United States,1998,2054,Capital Goods,Industrial Machinery/Components
CKX,CKX Lands Inc. Common Stock,$10.8973,0.4273,4.081%,21167951.00,United States,,1137,Energy,Oil & Gas Production
CLM,Cornerstone Strategic Value Fund Inc. New Common Stock,$12.38,-1.09,-8.092%,942378265.00,United States,1987,7238157,,
CMCL,Caledonia Mining Corporation Plc Common Shares,$15.48,0.11,0.716%,187599380.00,Canada,,63032,Basic Industries,Precious Metals
CMT,Core Molding Technologies Inc Common Stock,$12.85,0.05,0.391%,102438568.00,United States,,20309,Consumer Non-Durables,Plastic Products
COHN,Cohen & Company Inc.,$18.74,-0.1976,-1.043%,25005101.00,United States,,9200,Finance,Investment Bankers/Brokers/Service
CPHI,China Pharma Holdings Inc. Common Stock,$0.85,0.12,16.438%,38742623.00,China,,9989324,Health Care,Major Pharmaceuticals
CQP,Cheniere Energy Partners LP Cheniere Energy Partners LP Common Units,$39.50,0.09,0.228%,19118775109.00,United States,2007,126899,Public Utilities,Oil/Gas Transmission
CRF,Cornerstone Total Return Fund Inc. (The) Common Stock,$12.29,-0.89,-6.753%,494504619.00,United States,,3977715,,
CRHM,CRH Medical Corporation Common Shares of Beneficial Interest,$2.22,0.045,2.069%,158537046.00,,2015,135047,Health Care,Medical/Nursing Services
CTEK,CynergisTek Inc. Common Stock,$2.2147,0.0247,1.128%,23591093.00,United States,2017,101464,Miscellaneous,Business Services
CVM,Cel-Sci Corporation Common Stock,$20.97,0.43,2.093%,833922399.00,United States,,969582,Health Care,Biotechnology: Biological Products (No Diagnostic Substances)
CVR,Chicago Rivet & Machine Co. Common Stock,$25.70,0.00,0.00%,24829592.00,United States,,1978,Technology,Industrial Machinery/Components
CVU,CPI Aerostructures Inc. Common Stock,$4.77,0.65,15.777%,57007563.00,United States,,651973,Capital Goods,Military/Government/Technical
DHY,Credit Suisse High Yield Bond Fund Common Stock,$2.32,0.02,0.87%,240137173.00,United States,1998,1710966,,
DIT,AMCON Distributing Company Common Stock,$110.00,-4.90,-4.265%,60650590.00,United States,,61,Consumer Non-Durables,Food Distributors
DLA,Delta Apparel Inc. Common Stock,$22.52,0.31,1.396%,157069343.00,United States,,9275,Consumer Non-Durables,Apparel
DMF,BNY Mellon Municipal Income Inc. Common Stock,$8.88,0.00,0.00%,184267086.00,United States,1988,31973,,
DNN,Denison Mines Corp Ordinary Shares (Canada),$0.75,0.015,2.041%,509062364.00,Canada,,3417413,Basic Industries,Precious Metals
DPW,Ault Global Holdings Inc. Common Stock,$4.77,0.11,2.361%,132384491.00,United States,,7755296,Capital Goods,Industrial Machinery/Components
DSS,Document Security Systems Inc. Common Stock,$4.33,-0.05,-1.142%,58467462.00,United States,,2954101,Consumer Durables,Containers/Packaging
DXF,Dunxin Financial Holdings Limited American Depositary Shares,$1.48,0.04,2.778%,30894806.00,China,,359071,Finance,Finance: Consumer Services
DXR,Daxor Corporation Common Stock,$13.70,0.84,6.532%,54987827.00,United States,,3290,Health Care,Medical/Dental Instruments
EAD,Wells Fargo Income Opportunities Fund Common Shares,$8.24,0.04,0.488%,499230403.00,United States,2003,180906,,
ECF,Ellsworth Growth and Income Fund Ltd.,$15.46,0.23,1.51%,204150181.00,United States,1986,120786,,
EIM,Eaton Vance Municipal Bond Fund Common Shares of Beneficial Interest $.01 par value,$13.44,-0.01,-0.074%,967050793.00,United States,2002,82403,,
ELA,Envela Corporation Common Stock,$6.17,0.14,2.322%,166123431.00,United States,,49229,Consumer Services,Consumer Specialties
ELLO,Ellomay Capital Ltd Ordinary Shares (Israel),$33.50,0.00,0.00%,423845149.00,Israel,,190,Public Utilities,Electric Utilities: Central
ELMD,Electromed Inc. Common Stock,$10.24,-0.01,-0.098%,88127283.00,United States,2011,50077,Health Care,Biotechnology: Electromedical & Electrotherapeutic Apparatus
EMAN,eMagin Corporation Common Stock,$2.90,0.18,6.618%,195748846.00,United States,,2299816,Technology,Semiconductors
EMX,EMX Royalty Corporation Common Shares (Canada),$3.51,-0.08,-2.228%,296024485.00,Canada,,253662,Basic Industries,Precious Metals
ENSV,Enservco Corporation Common Stock,$2.28,0.10,4.587%,11724916.00,United States,,3426912,Energy,Oilfield Services/Equipment
ENX,Eaton Vance New York Municipal Bond Fund Common Shares of Beneficial Interest $.01 par value,$12.30,0.07,0.572%,222855016.00,United States,2002,6627,,
EPM,Evolution Petroleum Corporation Inc. Common Stock,$3.50,-0.08,-2.235%,115338430.00,United States,,149797,Energy,Oil & Gas Production
EQX,Equinox Gold Corp. Common Shares,$9.62,0.04,0.418%,2326791074.00,Canada,,1919804,Basic Industries,Precious Metals
ERC,Wells Fargo Multi-Sector Income Fund Common Stock no par value,$12.39,0.04,0.324%,348556570.00,United States,2003,109672,,
ERH,Wells Fargo Utilities and High Income Fund,$12.9101,0.0301,0.234%,119742017.00,,2004,13279,,
ESP,Espey Mfg. & Electronics Corp. Common Stock,$19.339,0.129,0.672%,52266220.00,United States,,1914,Capital Goods,Industrial Machinery/Components
EVBN,Evans Bancorp Inc. Common Stock,$30.33,0.39,1.303%,163300936.00,United States,,11430,Finance,Major Banks
EVI,EVI Industries Inc.  Common Stock,$38.76,3.44,9.74%,511974290.00,United States,,22645,Consumer Services,Other Consumer Services
EVM,Eaton Vance California Municipal Bond Fund Common Shares of Beneficial Interest $.01 par value,$11.55,0.02,0.173%,288684615.00,United States,2002,62600,,
EVV,Eaton Vance Limited Duration Income Fund Common Shares of Beneficial Interest,$12.63,0.02,0.159%,1466936837.00,United States,2003,363287,,
EVY,Eaton Vance New York Municipal Income Trust Shares of Beneficial Interest,$14.08,0.13,0.932%,76057738.00,United States,1999,7933,,
EXN,Excellon Resources Inc. Common Shares,$3.03,-0.01,-0.329%,97169070.00,,2020,75339,Basic Industries,Precious Metals
FAX,Aberdeen Asia-Pacific Income Fund Inc Common Stock,$4.48,0.01,0.224%,1109677045.00,United States,1986,1162970,,
FCO,Aberdeen Global Income Fund Inc. Common Stock,$8.00,0.02,0.251%,69847568.00,United States,1992,39248,,
FEN,First Trust Energy Income and Growth Fund,$11.84,-0.11,-0.921%,237046686.00,United States,2004,126509,,
FRD,Friedman Industries Inc. Common Stock,$7.28,-0.1207,-1.631%,51279840.00,United States,,14059,Capital Goods,Steel/Iron Ore
FSI,Flexible Solutions International Inc. Common Stock (CDA),$3.63,-0.035,-0.955%,44433178.00,Canada,,51508,Basic Industries,Major Chemicals
FSP,Franklin Street Properties Corp. Common Stock,$4.18,0.08,1.951%,448631872.00,United States,,453767,Consumer Services,Real Estate Investment Trusts
FTF,Franklin Limited Duration Income Trust Common Shares of Beneficial Interest,$9.41,-0.02,-0.212%,283606437.00,United States,2003,108714,,
FTSI,FTS International Inc. Class A Common Stock,$18.19,-0.22,-1.195%,254658654.00,United States,2020,70605,Energy,Oilfield Services/Equipment
FURY,Fury Gold Mines Limited Common Shares,$1.57,-0.09,-5.422%,184983455.00,,2020,598075,Basic Industries,Precious Metals
GAU,Galiano Gold Inc.,$1.22,0.02,1.667%,273558797.00,Canada,,2594260,Basic Industries,Mining & Quarrying of Nonmetallic Minerals (No Fuels)
GBR,New Concept Energy Inc Common Stock,$6.88,-0.52,-7.027%,35307713.00,United States,,814130,Energy,Oil & Gas Production
GDP,Goodrich Petroleum Corporation Common Stock,$10.14,0.14,1.40%,128329660.00,United States,2017,26512,Energy,Oil & Gas Production
GGN,GAMCO Global Gold Natural Resources & Income Trust,$3.47,-0.02,-0.573%,572242839.00,United States,2005,833543,,
GLDG,GoldMining Inc. Common Shares,$1.80,-0.03,-1.639%,265732549.00,,,789876,Basic Industries,Precious Metals
GLO,Clough Global Opportunities Fund Common Stock,$12.40,0.09,0.731%,399582709.00,United States,2006,217535,,
GLQ,Clough Global Equity Fund Clough Global Equity Fund Common Shares of Beneficial Interest,$15.21,0.14,0.929%,201240909.00,United States,2005,95435,,
GLU,Gabelli Global Utility Common Shares of Beneficial Ownership,$18.8701,-0.1499,-0.788%,101399954.00,United States,2004,10606,,
GLU^A,The Gabelli Global Utility and Income Trust Series A Cumulative Puttable and Callable Preferred Shares,$46.52,0.00,0.00%,,United States,,5,,
GLU^B,The Gabelli Global Utility and Income Trust Series B Cumulative Puttable and Callable Preferred Shares,$52.28,0.201,0.386%,,United States,,500,,
GLV,Clough Global Dividend and Income Fund Common Shares of beneficial interest,$10.93,-0.06,-0.546%,91896423.00,United States,2004,49217,,
GOED,1847 Goedeker Inc. Commom Stock,$12.40,0.36,2.99%,75778880.00,United States,2020,29182,Consumer Services,Home Furnishings
GORO,Gold Resource Corporation Common Stock,$2.95,-0.02,-0.673%,212003803.00,United States,,1002825,Basic Industries,Precious Metals
GPL,Great Panther Mining Limited Ordinary Shares (Canada),$0.827,-0.0135,-1.606%,293359905.00,Canada,,3373890,Basic Industries,Precious Metals
GRF,Eagle Capital Growth Fund Inc. Common Stock,$7.8101,-0.0099,-0.127%,31820854.00,United States,,2880,,
GSAT,Globalstar Inc. Common Stock,$1.10,0.02,1.852%,1837445803.00,United States,2006,15325764,Consumer Services,Telecommunications Equipment
GSS,Golden Star Resources Ltd Common Stock,$3.74,-0.04,-1.058%,416115545.00,United States,,337313,Basic Industries,Precious Metals
GSV,Gold Standard Ventures Corporation Common Stock (Canada),$0.695,0.0114,1.668%,219038702.00,Canada,,2789924,Basic Industries,Mining & Quarrying of Nonmetallic Minerals (No Fuels)
GTE,Gran Tierra Energy Inc. Common Stock,$0.6307,-0.0174,-2.685%,231455267.00,Canada,,22810972,Energy,Oil & Gas Production
HLM^,Hillman Group Capital Trust Preferred Stock,$25.45,0.04,0.157%,,United States,,8855,,
HMG,HMG/Courtland Properties Inc. Common Stock,$12.25,0.00,0.00%,12338788.00,United States,,2,Consumer Services,Real Estate Investment Trusts
HNW,Pioneer Diversified High Income Trust Pioneer Diversified High Income Trust Common Shares of Beneficial Interest,$14.70,0.02,0.136%,122492013.00,United States,2007,41517,,
HUSA,Houston American Energy Corporation Common Stock,$2.39,0.15,6.696%,16676746.00,United States,,2368288,Energy,Oil & Gas Production
IAF,Aberdeen Australia Equity Fund Inc Common Stock,$5.37,-0.05,-0.923%,124189310.00,United States,,62093,,
IBIO,iBio Inc. Common Stock,$2.39,0.22,10.138%,516263735.00,United States,,60279057,Health Care,Major Pharmaceuticals
ID,PARTS iD Inc. Class A Common Stock,$7.91,0.35,4.63%,260029053.00,United States,2017,31874,Technology,Advertising
IGC,India Globalization Capital Inc. Common Stock,$2.02,0.04,2.02%,86424417.00,United States,,12523771,Technology,Electronic Components
IHT,InnSuites Hospitality Trust Shares of Beneficial Interest,$3.05,0.02,0.66%,28286386.00,United States,,44108,Consumer Services,Real Estate Investment Trusts
IMH,Impac Mortgage Holdings Inc. Common Stock ,$3.65,0.06,1.671%,77488978.00,United States,1997,85936,Consumer Services,Real Estate Investment Trusts
IMO,Imperial Oil Limited Common Stock,$20.25,0.40,2.015%,14865054289.00,Canada,,944879,Energy,Integrated oil Companies
INDO,Indonesia Energy Corporation Limited Ordinary Shares,$6.46,0.0586,0.915%,47855389.00,,2019,209302,Energy,Oil & Gas Production
INFU,InfuSystems Holdings Inc. Common Stock,$18.50,0.26,1.425%,374383242.00,United States,,56321,Health Care,Medical/Dental Instruments
INS,Intelligent Systems Corporation Common Stock,$44.00,1.41,3.311%,392892192.00,United States,1992,67184,Technology,Computer Software: Prepackaged Software
INTT,inTest Corporation Common Stock,$7.89,0.2854,3.753%,83074780.00,United States,1997,47139,Capital Goods,Electrical Products
INUV,Inuvo Inc.,$1.36,-0.03,-2.158%,159329085.00,United States,,5549842,Consumer Services,Advertising
IOR,Income Opportunity Realty Investors Inc. Common Stock,$11.4171,0.00,0.00%,47588916.00,United States,,219,Consumer Services,Real Estate Investment Trusts
ISDR,Issuer Direct Corporation Common Stock,$20.75,-0.25,-1.19%,77641354.00,United States,,10351,Miscellaneous,Publishing
ISR,IsoRay Inc. Common Stock (DE),$1.55,-0.34,-17.989%,135200415.00,United States,,52902867,Health Care,Medical/Dental Instruments
ITP,IT Tech Packaging Inc. Common Stock,$0.8354,-0.0066,-0.784%,45711111.00,China,,7725778,Consumer Durables,Containers/Packaging
ITRG,Integra Resources Corp. Common Shares,$3.32,-0.18,-5.143%,181299148.00,,,80225,Basic Industries,Precious Metals
JOB,GEE Group Inc. Common Stock,$1.39,0.07,5.303%,24557301.00,United States,,1167004,Technology,Diversified Commercial Services
KIQ,Kelso Technologies Inc Ordinary Shares,$0.8606,0.0066,0.773%,40594576.00,Canada,,2265552,Capital Goods,Railroads
KLR,Kaleyra Inc. Common Stock,$14.68,0.41,2.873%,430499529.00,United States,2018,232387,Technology,EDP Services
LCTX,Lineage Cell Therapeutics Inc. Common Stock,$2.47,-0.01,-0.403%,370453927.00,United States,,1071258,Health Care,Biotechnology: Biological Products (No Diagnostic Substances)
LEU,Centrus Energy Corp. Class A Common Stock,$26.50,1.87,7.592%,319057059.00,United States,2014,168048,Basic Industries,Mining & Quarrying of Nonmetallic Minerals (No Fuels)
LGL,LGL Group Inc. (The) Common Stock,$10.37,0.34,3.39%,54539418.00,United States,,9464,Capital Goods,Industrial Machinery/Components
LNG,Cheniere Energy Inc. Common Stock,$64.90,-0.55,-0.84%,16372583574.00,United States,,879628,Public Utilities,Oil/Gas Transmission
LODE,Comstock Mining Inc. Common Stock,$1.77,-0.10,-5.348%,61915956.00,United States,,3406651,Basic Industries,Precious Metals
LOV,Spark Networks Inc. American Depositary Shares (each representing one-tenth of an Ordinary Share),$6.27,-0.03,-0.476%,163376638.00,United States,2017,294016,Consumer Services,Other Consumer Services
LSF,Laird Superfood Inc. Common Stock,$46.03,1.04,2.312%,408511187.00,,2020,52569,Consumer Non-Durables,Packaged Foods
LXFR,Luxfer Holdings PLC Ordinary Shares,$17.25,0.64,3.853%,476481208.00,United Kingdom,2012,79243,Basic Industries,Major Chemicals
MAG,MAG Silver Corporation Ordinary Shares,$18.01,-0.83,-4.406%,1706326509.00,Canada,,1312577,Basic Industries,Precious Metals
MCF,Contango Oil & Gas Company Common Stock (TX),$2.93,0.10,3.534%,508904738.00,United States,,760658,Energy,Oil & Gas Production
MHH,Mastech Digital Inc Common Stock,$17.45,0.16,0.925%,198576620.00,United States,,12208,Consumer Services,Professional Services
MLSS,Milestone Scientific Inc. Common Stock,$3.29,0.20,6.472%,209551513.00,United States,2015,1534571,Health Care,Industrial Specialties
MMX,Maverix Metals Inc. Common Shares,$5.42,0.22,4.231%,761446635.00,,,220639,Basic Industries,Precious Metals
MSN,Emerson Radio Corporation Common Stock,$1.65,0.05,3.125%,34720376.00,United States,,347275,Consumer Non-Durables,Consumer Electronics/Appliances
MTA,Metalla Royalty & Streaming Ltd. Common Shares,$10.25,-0.02,-0.195%,406065189.00,,,288990,Basic Industries,Precious Metals
MTNB,Matinas Biopharma Holdings Inc. Common Stock,$1.23,0.02,1.653%,245559362.00,United States,2017,9194941,Health Care,Major Pharmaceuticals
MXC,Mexco Energy Corporation Common Stock,$8.49,0.02,0.236%,17420342.00,United States,,59525,Energy,Oil & Gas Production
MYO,Myomo Inc. Common Stock,$12.10,0.45,3.863%,55439635.00,United States,2017,116363,Health Care,Industrial Specialties
NAK,Northern Dynasty Minerals Ltd. Common Stock,$0.6124,-0.0047,-0.762%,311740157.00,Canada,,25125352,Basic Industries,Precious Metals
NAVB,Navidea Biopharmaceuticals Inc. Common Stock,$2.89,0.43,17.48%,77126002.00,United States,,2396591,Health Care,Biotechnology: In Vitro & In Vivo Diagnostic Substances
NBA,New Beginnings Acquisition Corp. Common Stock,$10.56,-0.02,-0.189%,157555200.00,,2020,70337,Finance,Business Services
NBH,Neuberger Berman Municipal Fund Inc. Common Stock,$15.48,0.26,1.708%,291304126.00,United States,2002,54123,,
NBO,Neuberger Berman New York Municipal Fund Inc. Common Stock,$12.43,-0.03,-0.241%,63112293.00,United States,2002,3081,,
NBW,Neuberger Berman California Municipal Fund Inc Common Stock,$13.60,0.06,0.443%,75494198.00,United States,2002,4869,,
NBY,NovaBay Pharmaceuticals Inc. Common Stock,$1.01,0.0612,6.45%,42200410.00,United States,2007,4556288,Health Care,Major Pharmaceuticals
NEN,New England Realty Associates Limited Partnership Class A Depositary Receipts Evidencing Units of Limited Partnership,$50.99,0.00,0.00%,186250969.00,United States,,212,Consumer Services,Building operators
NES,Nuverra Environmental Solutions Inc. Common Stock,$2.94,-0.06,-2.00%,46370915.00,United States,2017,50177,Energy,Oilfield Services/Equipment
NG,Novagold Resources Inc.,$9.17,-0.03,-0.326%,3038210085.00,Canada,,812928,Basic Industries,Precious Metals
NGD,New Gold Inc.,$1.72,-0.14,-7.527%,1163408000.00,Canada,,15647192,Basic Industries,Precious Metals
NHC,National HealthCare Corporation Common Stock,$64.11,-0.37,-0.574%,984696776.00,United States,,19886,Health Care,Hospital/Nursing Management
NHS,Neuberger Berman High Yield Strategies Fund,$12.04,0.04,0.333%,235268643.00,United States,,34722,,
NML,Neuberger Berman MLP and Energy Income Fund Inc. Common Stock,$3.87,0.02,0.519%,219270051.00,,2013,202535,,
NNVC,NanoViricides Inc. Common Stock,$4.45,0.16,3.73%,47459250.00,United States,,208721,Health Care,Major Pharmaceuticals
NOG,Northern Oil and Gas Inc. Common Stock,$10.45,-0.80,-7.111%,479146357.00,United States,,1802154,,
NRO,Neuberger Berman Real Estate Securities Income Fund Inc. Neuberger Berman Real Estate Securities Income Fund Inc.,$4.25,0.01,0.236%,201536704.00,United States,2003,259412,,
NSPR,InspireMD Inc. Common Stock,$0.6725,-0.0475,-6.597%,24852073.00,Israel,,33005841,Health Care,Medical/Dental Instruments
NTIP,Network-1 Technologies Inc. Common Stock,$3.49,0.01,0.287%,83875435.00,United States,,10373,Miscellaneous,Multi-Sector Companies
NTN,NTN Buzztime Inc. Common Stock,$4.78,-0.43,-8.253%,14179019.00,United States,,932798,Health Care,Major Pharmaceuticals
NXE,Nexgen Energy Ltd. Common Shares,$3.20,-0.05,-1.538%,1208672221.00,,,1233296,Basic Industries,Precious Metals
OBLG,Oblong Inc. Common Stock,$4.98,0.27,5.732%,38588172.00,United States,,321619,Technology,Computer Software: Programming Data Processing
OCX,OncoCyte Corporation Common Stock,$5.31,-0.04,-0.748%,417694211.00,United States,2015,664402,Health Care,Biotechnology: In Vitro & In Vivo Diagnostic Substances
OGEN,Oragenics Inc. Common Stock,$1.01,0.00,0.00%,92684597.00,United States,,9310257,Health Care,Major Pharmaceuticals
ORLA,Orla Mining Ltd. Common Shares,$4.18,0.00,0.00%,957077880.00,,2020,393768,Basic Industries,Precious Metals
PCG^A,Pacific Gas & Electric Co. 6% Preferred Stock,$29.35,0.025,0.085%,,United States,,1245,,
PCG^B,Pacific Gas & Electric Co. 5 1/2% Preferred Stock,$27.21,0.00,0.00%,,United States,,50,,
PCG^D,Pacific Gas & Electric Co. 5% 1st  Red. Preferred Stock,$25.2282,0.0282,0.112%,,United States,,500,,
PCG^H,Pacific Gas & Electric Co. 4.50% 1st Preferred Stock,$24.22,0.00,0.00%,,United States,,5,,
PCG^I,Pacific Gas & Electric Co. 4.36% 1st Preferred Stock,$22.99,-0.75,-3.159%,,United States,,426,,
PED,Pedevco Corp. Common Stock,$1.61,0.06,3.871%,116665977.00,United States,,3357210,Energy,Oil & Gas Production
PHGE,BiomX Inc. COmmon Stock,$6.77,-0.34,-4.782%,157382542.00,,2019,61996,Health Care,Biotechnology: Biological Products (No Diagnostic Substances)
PLAG,Planet Green Holdings Corp. Common Stock,$2.59,0.07,2.778%,34259911.00,China,,163275,Consumer Non-Durables,Packaged Foods
PLG,Platinum Group Metals Ltd. Ordinary Shares (Canada),$4.45,0.23,5.45%,321333503.00,Canada,,993847,Basic Industries,Precious Metals
PLM,Polymet Mining Corporation Ordinary Shares (Canada),$4.09,0.09,2.25%,411861838.00,Canada,,395224,Basic Industries,Precious Metals
PLX,Protalix BioTherapeutics Inc. (DE) Common Stock,$4.60,0.15,3.371%,153348861.00,Israel,,343580,Health Care,Biotechnology: Biological Products (No Diagnostic Substances)
PLYM^A,Plymouth Industrial REIT Inc. 7.50% Series A Cumulative Redeemable Preferred Stock,$26.4455,0.0455,0.172%,,United States,,1902,,
PRK,Park National Corporation Common Stock,$113.51,4.10,3.747%,2000405232.00,United States,,38854,Finance,Major Banks
PTK,PTK Acquisition Corp. Common Stock,$10.36,0.06,0.583%,148925000.00,United States,2020,20891,Finance,Business Services
PTN,Palatin Technologies Inc. Common Stock,$1.01,0.0706,7.515%,232200320.00,United States,,8027363,Health Care,Major Pharmaceuticals
PW,Power REIT (MD) Common Stock,$35.07,-2.70,-7.149%,67198995.00,United States,,64266,Consumer Services,Real Estate Investment Trusts
PW^A,Power REIT 7.75% Series A Cumulative Perpetual Preferred Stock,$26.05,-0.05,-0.192%,,United States,,1524,,
PZG,Paramount Gold Nevada Corp. Common Stock,$1.15,0.00,0.00%,39430842.00,United States,2015,257111,Basic Industries,Precious Metals
RCG,RENN Fund Inc Common Stock,$2.04,0.1027,5.301%,12141990.00,United States,,23084,,
REI,Ring Energy Inc. Common Stock,$1.37,0.08,6.202%,111885982.00,United States,,6545235,Energy,Oil & Gas Production
RHE,Regional Health Properties Inc. Common Stock,$6.05,-0.12,-1.945%,10213725.00,,2017,207847,Consumer Services,Real Estate
RHE^A,Regional Health Properties Inc. 10.875% Series A Cumulative Redeemable Preferred Stock,$2.9499,0.0799,2.784%,,,,855,,
RLGT,Radiant Logistics Inc. Common Stock,$6.42,0.22,3.548%,318946030.00,United States,,250699,Transportation,Oil Refining/Marketing
RMED,Ra Medical Systems Inc. Common Stock,$8.01,1.35,20.27%,23383449.00,,2018,1735057,Health Care,Medical/Dental Instruments
RVP,Retractable Technologies Inc. Common Stock,$17.82,0.22,1.25%,602611883.00,United States,,1375755,Health Care,Medical/Dental Instruments
SACC,Sachem Capital Corp. 6.875% Notes due 2024,$24.92,-0.18,-0.717%,0.00,United States,2019,3473,Consumer Services,Real Estate Investment Trusts
SACH,Sachem Capital Corp. Common Shares,$4.48,0.00,0.00%,99119108.00,United States,2017,140500,Consumer Services,Real Estate Investment Trusts
SCCB,Sachem Capital Corp. 7.125% Notes due 2024,$25.74,0.0001,0.00%,0.00,United States,2019,1546,Consumer Services,Real Estate Investment Trusts
SCCC,Sachem Capital Corp. 7.75% Notes due 2025,$25.31,0.02,0.079%,0.00,United States,2020,9422,Consumer Services,Real Estate Investment Trusts
SDPI,Superior Drilling Products Inc. Common Stock,$0.9162,-0.0314,-3.314%,23470741.00,,2014,1580957,Energy,Metal Fabrications
SEB,Seaboard Corporation Common Stock,$3156.63,-61.29,-1.905%,3664149815.00,United States,1996,658,Consumer Services,Farming/Seeds/Milling
SENS,Senseonics Holdings Inc. Common Stock,$2.67,-0.06,-2.198%,901431150.00,United States,,23890795,Capital Goods,Industrial Machinery/Components
SIF,SIFCO Industries Inc. Common Stock,$9.90,0.00,0.00%,58569618.00,United States,,44545,Capital Goods,Aerospace
SILV,SilverCrest Metals Inc. Common Shares,$9.93,0.36,3.762%,1283299886.00,,2018,2029145,Basic Industries,Precious Metals
SIM,Grupo Simec S.A.B. de C.V. American Depositary Shares,$12.27,0.00,0.00%,1894997659.00,Mexico,1993,142,Basic Industries,Steel/Iron Ore
SMTS,Sierra Metals Inc. Common Stock,$3.28,-0.13,-3.812%,533984000.00,,,356192,Basic Industries,Precious Metals
SNMP,Sanchez Midstream Partners LP Common Stock,$1.10,-0.04,-3.509%,21949268.00,United States,,596863,Energy,Oil & Gas Production
SSY,SunLink Health Systems Inc. Common Stock,$1.75,0.01,0.575%,12073812.00,United States,,438521,Health Care,Hospital/Nursing Management
STXS,Stereotaxis Inc. Common Stock,$5.02,0.31,6.582%,369901858.00,United States,,231788,Health Care,Biotechnology: Electromedical & Electrotherapeutic Apparatus
SVM,Silvercorp Metals Inc. Common Shares,$6.32,-0.18,-2.769%,1107273252.00,,,2157249,Basic Industries,Precious Metals
SVT,Servotronics Inc. Common Stock,$8.80,0.00,0.00%,21898158.00,United States,,1026,Capital Goods,Industrial Machinery/Components
SYN,Synthetic Biologics Inc. Common Stock,$0.8145,-0.0172,-2.068%,43713998.00,United States,,9327265,Health Care,Major Pharmaceuticals
TGB,Taseko Mines Ltd. Common Stock,$1.29,-0.01,-0.769%,360173658.00,Canada,,1727921,Basic Industries,Precious Metals
TGC,Tengasco Inc. Common Stock,$2.41,-0.15,-5.859%,25750951.00,United States,,1609691,Energy,Oil & Gas Production
THM,International Tower Hill Mines Ltd. Ordinary Shares (Canada),$1.32,-0.06,-4.348%,257278803.00,Canada,,268686,Basic Industries,Precious Metals
TKAT,Takung Art Co. Ltd. Common Stock,$2.10,-0.22,-9.483%,23669896.00,,,297948,Consumer Services,Other Specialty Stores
TMBR,Timber Pharmaceuticals Inc. Common Stock,$1.34,0.04,3.077%,15877702.00,United States,2015,3199153,Health Care,Major Pharmaceuticals
TMP,Tompkins Financial Corporation Common Stock,$72.53,2.12,3.011%,1076311836.00,United States,,27735,Finance,Major Banks
TMQ,Trilogy Metals Inc. Common Stock,$2.04,-0.02,-0.971%,291728523.00,Canada,,424457,Basic Industries,Precious Metals
TPHS,Trinity Place Holdings Inc. Common Stock,$2.00,0.22,12.36%,64344214.00,,,58837,Consumer Services,Building operators
TRT,Trio-Tech International Common Stock,$4.80,0.00,0.00%,17810664.00,United States,,13769,Technology,Industrial Machinery/Components
TRX,Tanzanian Gold Corporation Common Stock,$0.7378,-0.0255,-3.341%,154326555.00,Canada,,2843606,Basic Industries,Precious Metals
TRXC,TransEnterix Inc. Common Stock,$3.19,-0.16,-4.776%,561429269.00,United States,,13328082,Health Care,Medical/Dental Instruments
UAMY,United States Antimony Corporation Common Stock,$0.7601,-0.0536,-6.587%,57612398.00,United States,,9435805,Capital Goods,Metal Fabrications
UAVS,AgEagle Aerial Systems Inc. Common Stock,$12.41,1.01,8.86%,727677290.00,United States,,10713045,Capital Goods,Aerospace
UEC,Uranium Energy Corp. Common Stock,$1.74,-0.01,-0.571%,346362498.00,Canada,,2591688,Basic Industries,Precious Metals
UFAB,Unique Fabricating Inc. Common Stock,$7.20,-0.05,-0.69%,70409858.00,United States,2015,9328,Capital Goods,Auto Parts:O.E.M.
URG,Ur Energy Inc Common Shares (Canada),$0.899,-0.0183,-1.995%,152531237.00,Canada,,4368883,Basic Industries,Precious Metals
USAS,Americas Gold and Silver Corporation Common Shares no par value,$2.61,-0.09,-3.333%,308229064.00,,2017,1635105,Basic Industries,Precious Metals
UTG,Reaves Utility Income Fund Common Shares of Beneficial Interest,$32.88,0.03,0.091%,1773427385.00,United States,2004,164843,,
UUU,Universal Security Instruments Inc. Common Stock,$8.86,-0.11,-1.226%,20492179.00,United States,,383071,Technology,Electronic Components
UUUU,Energy Fuels Inc Ordinary Shares (Canada),$4.19,-0.08,-1.874%,562677120.00,,,2356593,Basic Industries,Mining & Quarrying of Nonmetallic Minerals (No Fuels)
VCF,Delaware Investments Colorado Municipal Income Fund Inc  Common Stock,$14.66,0.44,3.094%,70911886.00,United States,1993,24444,,
VFL,Delaware Investments National Municipal Income Fund Common Stock,$13.3866,0.0066,0.049%,60620455.00,United States,1993,6707,,
VGZ,Vista Gold Corp Common Stock,$0.97,-0.02,-2.02%,99604163.00,United States,,593539,Basic Industries,Precious Metals
VHAQ,Viveon Health Acquisition Corp.,$10.20,10.20,,0.00,,,130809,,
VKI,Invesco Advantage Municipal Income Trust II Common Shares of Beneficial Interest (DE),$11.50,-0.02,-0.174%,510502837.00,United States,,76855,,
VMM,Delaware Investments Minnesota Municipal Income Fund II Inc. Common Stock,$13.28,-0.02,-0.15%,152786068.00,United States,1993,51181,,
VNRX,VolitionRX Limited Common Stock,$5.43,0.02,0.37%,261713440.00,Singapore,2015,406751,Health Care,Biotechnology: In Vitro & In Vivo Diagnostic Substances
VOLT,Volt Information Sciences Inc. Common Stock,$2.83,-0.04,-1.394%,61514507.00,United States,,65221,Technology,Professional Services
WRN,Western Copper and Gold Corporation Common Stock,$1.20,0.01,0.84%,162717162.00,Canada,2011,430035,Basic Industries,Precious Metals
WTT,Wireless Telecom Group  Inc. Common Stock,$2.07,-0.03,-1.429%,44908671.00,United States,,297611,Capital Goods,Telecommunications Equipment
WYY,WidePoint Corporation Common Stock,$13.23,-0.40,-2.935%,111909051.00,United States,,113293,Technology,EDP Services
XPL,Solitario Zinc Corp. Common Stock,$0.723,-0.0214,-2.875%,42012349.00,United States,,1784544,Basic Industries,Precious Metals
XTNT,Xtant Medical Holdings Inc. Common Stock,$1.77,0.17,10.625%,136044030.00,United States,,526903,Health Care,Biotechnology: Biological Products (No Diagnostic Substances)
XXII,22nd Century Group Inc. Common Stock,$3.05,0.32,11.722%,423520539.00,United States,,5091242,Consumer Non-Durables,Farming/Seeds/Milling
YCBD,cbdMD Inc. Common Stock,$5.13,0.70,15.801%,267431363.00,United States,2017,3523818,Consumer Non-Durables,Package Goods/Cosmetics
YCBD^A,cbdMD Inc. 8.0% Series A Cumulative Convertible Preferred Stock,$9.44,1.12,13.462%,,United States,,92990,,
ZDGE,Zedge Inc. Class B Common Stock ,$9.00,0.15,1.695%,112714083.00,,2016,124795,Technology,Computer Software: Prepackaged Software
ZOM,Zomedica Corp. Common Shares,$1.50,0.36,31.579%,1244310074.00,United States,2017,335759938,Health Care,Major Pharmaceuticals
